t,binance_funding_rate,funding_payment
1735689600000,,1.25e-05
1735689600015,0.0001,
1735693200000,,1.25e-05
1735696800000,,1.25e-05
1735700400000,,1.25e-05
1735704000000,,1.25e-05
1735707600000,,1.25e-05
1735711200000,,1.25e-05
1735714800000,,1.25e-05
1735718400000,0.0001,1.25e-05
1735722000000,,1.25e-05
1735725600000,,1.25e-05
1735729200000,,1.25e-05
1735732800000,,1.25e-05
1735736400000,,1.25e-05
1735740000000,,1.25e-05
1735743600000,,1.25e-05
1735747200000,,1.25e-05
1735747200001,0.0001,
1735750800000,,4.96e-06
1735754400000,,1.25e-05
1735758000000,,1.25e-05
1735761600000,,1.25e-05
1735765200000,,1.25e-05
1735768800000,,1.25e-05
1735772400000,,1.25e-05
1735776000000,0.0001,1.25e-05
1735779600000,,2.124e-05
1735783200000,,1.25e-05
1735786800000,,1.25e-05
1735790400000,,1.25e-05
1735794000000,,1.773e-05
1735797600000,,1.25e-05
1735801200000,,1.25e-05
1735804800000,,1.25e-05
1735804800006,0.0001,
1735808400000,,1.632e-05
1735812000000,,1.535e-05
1735815600000,,1.25e-05
1735819200000,,1.25e-05
1735822800000,,3.056e-05
1735826400000,,1.25e-05
1735830000000,,5.175e-05
1735833600000,0.0001,2.38e-05
1735837200000,,5.12e-05
1735840800000,,1.25e-05
1735844400000,,4.137e-05
1735848000000,,3.795e-05
1735851600000,,1.25e-05
1735855200000,,3.178e-05
1735858800000,,1.25e-05
1735862400000,0.0001,1.25e-05
1735866000000,,2.044e-05
1735869600000,,1.25e-05
1735873200000,,6.007e-05
1735876800000,,1.25e-05
1735880400000,,1.25e-05
1735884000000,,1.25e-05
1735887600000,,1.25e-05
1735891200000,0.0001,1.25e-05
1735894800000,,1.25e-05
1735898400000,,1.25e-05
1735902000000,,1.25e-05
1735905600000,,1.25e-05
1735909200000,,1.25e-05
1735912800000,,1.25e-05
1735916400000,,4.146e-05
1735920000000,0.0001,7.543e-05
1735923600000,,7.807e-05
1735927200000,,7.524e-05
1735930800000,,6.499e-05
1735934400000,,0.00011201
1735938000000,,2.423e-05
1735941600000,,6.766e-05
1735945200000,,1.373e-05
1735948800000,0.0001,2.871e-05
1735952400000,,1.422e-05
1735956000000,,2.342e-05
1735959600000,,0.00011366
1735963200000,,4.903e-05
1735966800000,,3.442e-05
1735970400000,,1.25e-05
1735974000000,,2.402e-05
1735977600000,0.0001,2.064e-05
1735981200000,,1.796e-05
1735984800000,,2.795e-05
1735988400000,,1.25e-05
1735992000000,,1.944e-05
1735995600000,,3.791e-05
1735999200000,,7.504e-05
1736002800000,,7.479e-05
1736006400000,0.0001,1.25e-05
1736010000000,,1.25e-05
1736013600000,,1.25e-05
1736017200000,,1.25e-05
1736020800000,,1.25e-05
1736024400000,,1.25e-05
1736028000000,,1.25e-05
1736031600000,,2.498e-05
1736035200000,0.0001,1.25e-05
1736038800000,,1.25e-05
1736042400000,,1.25e-05
1736046000000,,1.25e-05
1736049600000,,1.25e-05
1736053200000,,1.25e-05
1736056800000,,1.578e-05
1736060400000,,1.25e-05
1736064000000,0.0001,1.25e-05
1736067600000,,1.25e-05
1736071200000,,1.25e-05
1736074800000,,1.25e-05
1736078400000,,1.25e-05
1736082000000,,1.25e-05
1736085600000,,1.25e-05
1736089200000,,1.25e-05
1736092800000,0.0001,1.25e-05
1736096400000,,1.25e-05
1736100000000,,1.25e-05
1736103600000,,2.213e-05
1736107200000,,1.616e-05
1736110800000,,3.656e-05
1736114400000,,1.25e-05
1736118000000,,1.25e-05
1736121600000,0.0001,2.086e-05
1736125200000,,1.597e-05
1736128800000,,5.641e-05
1736132400000,,3.365e-05
1736136000000,,7.743e-05
1736139600000,,5.803e-05
1736143200000,,6.746e-05
1736146800000,,0.00013404
1736150400000,,1.25e-05
1736150400001,0.0001,
1736154000000,,1.787e-05
1736157600000,,1.25e-05
1736161200000,,1.25e-05
1736164800000,,1.25e-05
1736168400000,,1.25e-05
1736172000000,,1.25e-05
1736175600000,,0.00010989
1736179200000,0.0001,8.118e-05
1736182800000,,2.955e-05
1736186400000,,1.681e-05
1736190000000,,2.457e-05
1736193600000,,3.136e-05
1736197200000,,1.25e-05
1736200800000,,5.148e-05
1736204400000,,2.774e-05
1736208000000,0.0001,2.531e-05
1736211600000,,3.097e-05
1736215200000,,1.25e-05
1736218800000,,1.25e-05
1736222400000,,1.364e-05
1736226000000,,1.25e-05
1736229600000,,1.25e-05
1736233200000,,1.25e-05
1736236800000,0.0001,4.563e-05
1736240400000,,6.038e-05
1736244000000,,6.007e-05
1736247600000,,1.25e-05
1736251200000,,2.194e-05
1736254800000,,1.25e-05
1736258400000,,1.25e-05
1736262000000,,1.25e-05
1736265600000,,1.25e-05
1736265600008,0.0001,
1736269200000,,1.25e-05
1736272800000,,1.25e-05
1736276400000,,-8.31e-06
1736280000000,,-9.78e-06
1736283600000,,7.61e-06
1736287200000,,1.25e-05
1736290800000,,1.25e-05
1736294400000,,1.25e-05
1736294400001,-5.632e-05,
1736298000000,,1.25e-05
1736301600000,,1.25e-05
1736305200000,,1.25e-05
1736308800000,,1.25e-05
1736312400000,,1.25e-05
1736316000000,,1.25e-05
1736319600000,,-5.107e-05
1736323200000,0.0001,1.25e-05
1736326800000,,1.25e-05
1736330400000,,1.25e-05
1736334000000,,1.25e-05
1736337600000,,1.25e-05
1736341200000,,1.25e-05
1736344800000,,1.25e-05
1736348400000,,1.25e-05
1736352000000,0.0001,1.25e-05
1736355600000,,1.25e-05
1736359200000,,1.25e-05
1736362800000,,2.437e-05
1736366400000,,6.163e-05
1736370000000,,5.915e-05
1736373600000,,0.00012449
1736377200000,,0.00018342
1736380800000,0.0001,3.757e-05
1736384400000,,3.63e-05
1736388000000,,5.144e-05
1736391600000,,3.279e-05
1736395200000,,2.73e-05
1736398800000,,1.25e-05
1736402400000,,1.25e-05
1736406000000,,1.25e-05
1736409600000,0.0001,1.25e-05
1736413200000,,1.25e-05
1736416800000,,1.25e-05
1736420400000,,1.25e-05
1736424000000,,1.25e-05
1736427600000,,1.25e-05
1736431200000,,1.219e-05
1736434800000,,1.25e-05
1736438400000,2.825e-05,1.25e-05
1736442000000,,1.25e-05
1736445600000,,1.25e-05
1736449200000,,1.25e-05
1736452800000,,1.25e-05
1736456400000,,1.25e-05
1736460000000,,1.79e-06
1736463600000,,1.25e-05
1736467200000,6.1e-05,1.25e-05
1736470800000,,1.25e-05
1736474400000,,2.3e-06
1736478000000,,1.25e-05
1736481600000,,1.25e-05
1736485200000,,1.25e-05
1736488800000,,1.25e-05
1736492400000,,1.25e-05
1736496000000,0.0001,1.25e-05
1736499600000,,1.25e-05
1736503200000,,1.25e-05
1736506800000,,1.25e-05
1736510400000,,1.25e-05
1736514000000,,1.25e-05
1736517600000,,1.25e-05
1736521200000,,1.25e-05
1736524800000,0.0001,1.25e-05
1736528400000,,2.539e-05
1736532000000,,1.25e-05
1736535600000,,4.454e-05
1736539200000,,1.25e-05
1736542800000,,7.667e-05
1736546400000,,4.972e-05
1736550000000,,2.288e-05
1736553600000,0.0001,2.372e-05
1736557200000,,1.25e-05
1736560800000,,1.25e-05
1736564400000,,1.25e-05
1736568000000,,1.25e-05
1736571600000,,1.25e-05
1736575200000,,1.25e-05
1736578800000,,1.25e-05
1736582400000,0.0001,1.25e-05
1736586000000,,1.25e-05
1736589600000,,1.25e-05
1736593200000,,3.984e-05
1736596800000,,1.25e-05
1736600400000,,3.533e-05
1736604000000,,1.583e-05
1736607600000,,1.25e-05
1736611200000,0.0001,1.538e-05
1736614800000,,1.25e-05
1736618400000,,4.497e-05
1736622000000,,3.289e-05
1736625600000,,1.25e-05
1736629200000,,0.00012711
1736632800000,,9.776e-05
1736636400000,,1.599e-05
1736640000000,0.0001,4.258e-05
1736643600000,,1.25e-05
1736647200000,,4.602e-05
1736650800000,,2.103e-05
1736654400000,,2.46e-05
1736658000000,,1.25e-05
1736661600000,,1.604e-05
1736665200000,,1.25e-05
1736668800000,0.0001,1.25e-05
1736672400000,,7.619e-05
1736676000000,,3.768e-05
1736679600000,,5.015e-05
1736683200000,,4.789e-05
1736686800000,,5.217e-05
1736690400000,,6.212e-05
1736694000000,,1.25e-05
1736697600000,0.0001,1.677e-05
1736701200000,,1.378e-05
1736704800000,,1.25e-05
1736708400000,,4.557e-05
1736712000000,,6.163e-05
1736715600000,,3.149e-05
1736719200000,,1.25e-05
1736722800000,,1.25e-05
1736726400000,0.0001,1.25e-05
1736730000000,,1.25e-05
1736733600000,,1.25e-05
1736737200000,,1.25e-05
1736740800000,,1.25e-05
1736744400000,,1.25e-05
1736748000000,,1.25e-05
1736751600000,,-1.378e-05
1736755200000,8.9e-05,1.25e-05
1736758800000,,2.67e-06
1736762400000,,1.25e-05
1736766000000,,-3.027e-05
1736769600000,,-7.86e-06
1736773200000,,1.25e-05
1736776800000,,1.25e-05
1736780400000,,4.551e-05
1736784000000,1.443e-05,1.25e-05
1736787600000,,1.25e-05
1736791200000,,1.25e-05
1736794800000,,1.25e-05
1736798400000,,1.25e-05
1736802000000,,4.215e-05
1736805600000,,4.118e-05
1736809200000,,1.653e-05
1736812800000,0.0001,2.82e-05
1736816400000,,5.212e-05
1736820000000,,2.173e-05
1736823600000,,3.999e-05
1736827200000,,5.987e-05
1736830800000,,2.049e-05
1736834400000,,1.25e-05
1736838000000,,1.25e-05
1736841600000,0.0001,2.102e-05
1736845200000,,1.25e-05
1736848800000,,3.944e-05
1736852400000,,1.952e-05
1736856000000,,1.25e-05
1736859600000,,1.25e-05
1736863200000,,2.992e-05
1736866800000,,1.36e-05
1736870400000,0.0001,5.054e-05
1736874000000,,6.178e-05
1736877600000,,0.00012505
1736881200000,,4.466e-05
1736884800000,,3.305e-05
1736888400000,,2.158e-05
1736892000000,,2.643e-05
1736895600000,,8.741e-05
1736899200000,0.0001,3.045e-05
1736902800000,,2.264e-05
1736906400000,,9.869e-05
1736910000000,,6.033e-05
1736913600000,,5.718e-05
1736917200000,,1.25e-05
1736920800000,,3.047e-05
1736924400000,,1.4e-05
1736928000000,0.0001,3.708e-05
1736931600000,,2.093e-05
1736935200000,,1.25e-05
1736938800000,,1.736e-05
1736942400000,,1.25e-05
1736946000000,,1.25e-05
1736949600000,,1.25e-05
1736953200000,,1.25e-05
1736956800000,0.0001,0.00010166
1736960400000,,4.097e-05
1736964000000,,7.127e-05
1736967600000,,5.198e-05
1736971200000,,1.25e-05
1736974800000,,3.299e-05
1736978400000,,1.25e-05
1736982000000,,3.078e-05
1736985600000,7.409e-05,4.09e-05
1736989200000,,1.25e-05
1736992800000,,5.949e-05
1736996400000,,1.25e-05
1737000000000,,1.25e-05
1737003600000,,1.25e-05
1737007200000,,1.25e-05
1737010800000,,1.25e-05
1737014400000,0.0001,1.25e-05
1737018000000,,1.872e-05
1737021600000,,4.729e-05
1737025200000,,5.806e-05
1737028800000,,1.25e-05
1737032400000,,1.25e-05
1737036000000,,2.472e-05
1737039600000,,1.25e-05
1737043200000,0.0001,7.064e-05
1737046800000,,1.25e-05
1737050400000,,1.25e-05
1737054000000,,4.08e-05
1737057600000,,0.0001658
1737061200000,,8.752e-05
1737064800000,,3.613e-05
1737068400000,,1.25e-05
1737072000000,,1.25e-05
1737072000004,0.0001,
1737075600000,,1.25e-05
1737079200000,,1.25e-05
1737082800000,,1.25e-05
1737086400000,,1.25e-05
1737090000000,,1.25e-05
1737093600000,,3.58e-06
1737097200000,,1.25e-05
1737100800000,6.516e-05,1.25e-05
1737104400000,,1.25e-05
1737108000000,,1.25e-05
1737111600000,,1.25e-05
1737115200000,,8.663e-05
1737118800000,,1.25e-05
1737122400000,,1.25e-05
1737126000000,,1.25e-05
1737129600000,,2.735e-05
1737129600008,-2.016e-05,
1737133200000,,8.787e-05
1737136800000,,1.25e-05
1737140400000,,1.25e-05
1737144000000,,6.89e-05
1737147600000,,3.987e-05
1737151200000,,1.25e-05
1737154800000,,1.25e-05
1737158400000,5.376e-05,5.614e-05
1737162000000,,1.825e-05
1737165600000,,1.25e-05
1737169200000,,1.25e-05
1737172800000,,1.25e-05
1737176400000,,1.25e-05
1737180000000,,-0.00011116
1737183600000,,2.484e-05
1737187200000,,1.25e-05
1737187200007,8.2e-05,
1737190800000,,1.25e-05
1737194400000,,1.25e-05
1737198000000,,1.25e-05
1737201600000,,1.25e-05
1737205200000,,7.27e-06
1737208800000,,1.25e-05
1737212400000,,1.25e-05
1737216000000,6.956e-05,1.25e-05
1737219600000,,1.25e-05
1737223200000,,1.25e-05
1737226800000,,1.25e-05
1737230400000,,2.18e-05
1737234000000,,1.25e-05
1737237600000,,1.25e-05
1737241200000,,1.25e-05
1737244800000,0.0001,1.25e-05
1737248400000,,1.25e-05
1737252000000,,0.0001014
1737255600000,,6.897e-05
1737259200000,,1.25e-05
1737262800000,,1.25e-05
1737266400000,,1.25e-05
1737270000000,,1.25e-05
1737273600000,0.0001,1.25e-05
1737277200000,,2.58e-06
1737280800000,,1.25e-05
1737284400000,,1.25e-05
1737288000000,,1.25e-05
1737291600000,,1.25e-05
1737295200000,,1.25e-05
1737298800000,,1.25e-05
1737302400000,-1.162e-05,1.25e-05
1737306000000,,1.25e-05
1737309600000,,1.687e-05
1737313200000,,1.25e-05
1737316800000,,4.579e-05
1737320400000,,1.25e-05
1737324000000,,1.25e-05
1737327600000,,1.045e-05
1737331200000,5.681e-05,-6.007e-05
1737334800000,,-6.115e-05
1737338400000,,1.25e-05
1737342000000,,1.25e-05
1737345600000,,1.25e-05
1737349200000,,1.25e-05
1737352800000,,1.25e-05
1737356400000,,8.693e-05
1737360000000,,5.075e-05
1737360000009,0.0001,
1737363600000,,7.143e-05
1737367200000,,0.00010647
1737370800000,,0.00012949
1737374400000,,0.00015924
1737378000000,,0.00015901
1737381600000,,0.00010002
1737385200000,,0.00014729
1737388800000,0.0001,6.357e-05
1737392400000,,9.22e-05
1737396000000,,1.25e-05
1737399600000,,3.162e-05
1737403200000,,5.646e-05
1737406800000,,5.159e-05
1737410400000,,1.471e-05
1737414000000,,8.065e-05
1737417600000,0.0001,1.25e-05
1737421200000,,1.25e-05
1737424800000,,1.428e-05
1737428400000,,1.464e-05
1737432000000,,5.027e-05
1737435600000,,1.25e-05
1737439200000,,1.983e-05
1737442800000,,3.859e-05
1737446400000,7.298e-05,3.524e-05
1737450000000,,1.25e-05
1737453600000,,1.25e-05
1737457200000,,2.198e-05
1737460800000,,6.342e-05
1737464400000,,7.332e-05
1737468000000,,2.639e-05
1737471600000,,4.108e-05
1737475200000,7.88e-06,2.959e-05
1737478800000,,5.485e-05
1737482400000,,0.00015069
1737486000000,,8.412e-05
1737489600000,,5.466e-05
1737493200000,,8.341e-05
1737496800000,,5.431e-05
1737500400000,,9.784e-05
1737504000000,0.0001,7.928e-05
1737507600000,,0.00012722
1737511200000,,7.709e-05
1737514800000,,7.208e-05
1737518400000,,6.735e-05
1737522000000,,2.045e-05
1737525600000,,7.593e-05
1737529200000,,5.986e-05
1737532800000,0.0001,8.73e-05
1737536400000,,7.35e-05
1737540000000,,7.947e-05
1737543600000,,2.438e-05
1737547200000,,7.283e-05
1737550800000,,3.824e-05
1737554400000,,4.366e-05
1737558000000,,1.25e-05
1737561600000,0.0001,1.25e-05
1737565200000,,1.25e-05
1737568800000,,1.25e-05
1737572400000,,1.25e-05
1737576000000,,5.379e-05
1737579600000,,1.25e-05
1737583200000,,1.25e-05
1737586800000,,8.49e-05
1737590400000,,1.25e-05
1737590400001,0.0001,
1737594000000,,1.25e-05
1737597600000,,1.25e-05
1737601200000,,1.087e-05
1737604800000,,1.25e-05
1737608400000,,-1.1e-07
1737612000000,,1.25e-05
1737615600000,,1.25e-05
1737619200000,8.339e-05,1.25e-05
1737622800000,,1.25e-05
1737626400000,,1.25e-05
1737630000000,,1.25e-05
1737633600000,,1.25e-05
1737637200000,,1.25e-05
1737640800000,,1.25e-05
1737644400000,,-9.3e-07
1737648000000,1.281e-05,1.25e-05
1737651600000,,1.25e-05
1737655200000,,1.25e-05
1737658800000,,1.25e-05
1737662400000,,1.25e-05
1737666000000,,1.25e-05
1737669600000,,1.25e-05
1737673200000,,1.25e-05
1737676800000,3.375e-05,1.25e-05
1737680400000,,1.25e-05
1737684000000,,1.25e-05
1737687600000,,-1.114e-05
1737691200000,,1.25e-05
1737694800000,,1.25e-05
1737698400000,,1.25e-05
1737702000000,,1.25e-05
1737705600000,0.0001,2.804e-05
1737709200000,,3.971e-05
1737712800000,,1.25e-05
1737716400000,,1.25e-05
1737720000000,,1.25e-05
1737723600000,,2.755e-05
1737727200000,,1.25e-05
1737730800000,,3.572e-05
1737734400000,0.0001,1.25e-05
1737738000000,,1.25e-05
1737741600000,,1.25e-05
1737745200000,,-2.09e-05
1737748800000,,1.25e-05
1737752400000,,1.25e-05
1737756000000,,1.25e-05
1737759600000,,1.25e-05
1737763200000,1.509e-05,1.25e-05
1737766800000,,1.25e-05
1737770400000,,1.25e-05
1737774000000,,1.25e-05
1737777600000,,1.25e-05
1737781200000,,1.25e-05
1737784800000,,1.25e-05
1737788400000,,1.25e-05
1737792000000,7.5e-06,1.25e-05
1737795600000,,1.25e-05
1737799200000,,1.25e-05
1737802800000,,1.25e-05
1737806400000,,1.25e-05
1737810000000,,1.25e-05
1737813600000,,1.25e-05
1737817200000,,1.25e-05
1737820800000,,7.679e-05
1737820800001,0.0001,
1737824400000,,1.343e-05
1737828000000,,2.166e-05
1737831600000,,1.751e-05
1737835200000,,2.365e-05
1737838800000,,3.364e-05
1737842400000,,2.507e-05
1737846000000,,1.25e-05
1737849600000,0.0001,1.25e-05
1737853200000,,1.25e-05
1737856800000,,1.25e-05
1737860400000,,1.25e-05
1737864000000,,1.25e-05
1737867600000,,1.25e-05
1737871200000,,2.536e-05
1737874800000,,1.25e-05
1737878400000,0.0001,6.083e-05
1737882000000,,2.91e-05
1737885600000,,1.25e-05
1737889200000,,1.25e-05
1737892800000,,5.33e-05
1737896400000,,1.25e-05
1737900000000,,2.147e-05
1737903600000,,1.25e-05
1737907200000,0.0001,1.25e-05
1737910800000,,1.367e-05
1737914400000,,1.25e-05
1737918000000,,1.25e-05
1737921600000,,2.772e-05
1737925200000,,2.948e-05
1737928800000,,1.25e-05
1737932400000,,1.25e-05
1737936000000,4.256e-05,1.25e-05
1737939600000,,1.25e-05
1737943200000,,1.25e-05
1737946800000,,1.25e-05
1737950400000,,1.25e-05
1737954000000,,1.25e-05
1737957600000,,-4.396e-05
1737961200000,,-1.921e-05
1737964800000,0.0001,1.06e-05
1737968400000,,1.25e-05
1737972000000,,-3.79e-06
1737975600000,,-2.272e-05
1737979200000,,-3.159e-05
1737982800000,,-8.39e-06
1737986400000,,-7.26e-05
1737990000000,,1.25e-05
1737993600000,-0.00010651,1.25e-05
1737997200000,,1.25e-05
1738000800000,,-9.09e-05
1738004400000,,-2.398e-05
1738008000000,,1.25e-05
1738011600000,,1.25e-05
1738015200000,,1.25e-05
1738018800000,,1.25e-05
1738022400000,5.926e-05,1.25e-05
1738026000000,,1.25e-05
1738029600000,,1.25e-05
1738033200000,,1.25e-05
1738036800000,,1.25e-05
1738040400000,,4.569e-05
1738044000000,,1.25e-05
1738047600000,,1.25e-05
1738051200000,0.0001,1.25e-05
1738054800000,,1.402e-05
1738058400000,,2.214e-05
1738062000000,,1.25e-05
1738065600000,,2.915e-05
1738069200000,,3.687e-05
1738072800000,,1.25e-05
1738076400000,,2.06e-05
1738080000000,0.0001,4.214e-05
1738083600000,,5.948e-05
1738087200000,,1.28e-05
1738090800000,,1.25e-05
1738094400000,,1.25e-05
1738098000000,,1.25e-05
1738101600000,,1.25e-05
1738105200000,,1.25e-05
1738108800000,0.0001,-6.99e-06
1738112400000,,-2.964e-05
1738116000000,,1.25e-05
1738119600000,,1.25e-05
1738123200000,,1.25e-05
1738126800000,,1.25e-05
1738130400000,,1.25e-05
1738134000000,,1.25e-05
1738137600000,-3.512e-05,1.25e-05
1738141200000,,1.25e-05
1738144800000,,1.25e-05
1738148400000,,1.25e-05
1738152000000,,1.25e-05
1738155600000,,1.25e-05
1738159200000,,1.25e-05
1738162800000,,1.25e-05
1738166400000,4.128e-05,1.25e-05
1738170000000,,1.25e-05
1738173600000,,1.25e-05
1738177200000,,1.25e-05
1738180800000,,1.25e-05
1738184400000,,1.25e-05
1738188000000,,1.25e-05
1738191600000,,1.25e-05
1738195200000,7.139e-05,1.25e-05
1738198800000,,1.25e-05
1738202400000,,1.25e-05
1738206000000,,2.728e-05
1738209600000,,2.482e-05
1738213200000,,4.945e-05
1738216800000,,4.759e-05
1738220400000,,4.165e-05
1738224000000,0.0001,1.25e-05
1738227600000,,1.25e-05
1738231200000,,1.25e-05
1738234800000,,1.265e-05
1738238400000,,2.615e-05
1738242000000,,1.25e-05
1738245600000,,1.25e-05
1738249200000,,1.25e-05
1738252800000,0.0001,1.25e-05
1738256400000,,1.357e-05
1738260000000,,1.25e-05
1738263600000,,1.25e-05
1738267200000,,1.25e-05
1738270800000,,1.25e-05
1738274400000,,1.25e-05
1738278000000,,1.25e-05
1738281600000,0.0001,1.25e-05
1738285200000,,1.25e-05
1738288800000,,1.25e-05
1738292400000,,1.25e-05
1738296000000,,1.25e-05
1738299600000,,1.25e-05
1738303200000,,1.25e-05
1738306800000,,1.25e-05
1738310400000,0.0001,1.25e-05
1738314000000,,1.25e-05
1738317600000,,1.25e-05
1738321200000,,1.25e-05
1738324800000,,1.25e-05
1738328400000,,1.25e-05
1738332000000,,1.25e-05
1738335600000,,1.25e-05
1738339200000,0.0001,1.25e-05
1738342800000,,1.25e-05
1738346400000,,1.25e-05
1738350000000,,-3.47e-06
1738353600000,,1.25e-05
1738357200000,,1.25e-05
1738360800000,,1.25e-05
1738364400000,,-3.32e-06
1738368000000,-5.902e-05,1.25e-05
1738371600000,,1.25e-05
1738375200000,,1.25e-05
1738378800000,,1.25e-05
1738382400000,,1.25e-05
1738386000000,,1.25e-05
1738389600000,,1.25e-05
1738393200000,,1.25e-05
1738396800000,0.0001,1.25e-05
1738400400000,,1.25e-05
1738404000000,,1.25e-05
1738407600000,,-2.48e-06
1738411200000,,1.228e-05
1738414800000,,-8.31e-06
1738418400000,,1.25e-05
1738422000000,,-4.576e-05
1738425600000,-7.514e-05,1.205e-05
1738429200000,,1.25e-05
1738432800000,,1.25e-05
1738436400000,,1.25e-05
1738440000000,,-5.234e-05
1738443600000,,6.93e-06
1738447200000,,-1.89e-06
1738450800000,,-8.744e-05
1738454400000,,1.69e-06
1738454400001,2.966e-05,
1738458000000,,1.25e-05
1738461600000,,-5.069e-05
1738465200000,,1.25e-05
1738468800000,,1.25e-05
1738472400000,,1.25e-05
1738476000000,,1.25e-05
1738479600000,,1.25e-05
1738483200000,0.0001,1.25e-05
1738486800000,,1.25e-05
1738490400000,,1.25e-05
1738494000000,,1.153e-05
1738497600000,,-2.27e-05
1738501200000,,1.25e-05
1738504800000,,1.25e-05
1738508400000,,1.25e-05
1738512000000,0.0001,1.25e-05
1738515600000,,-2.05e-06
1738519200000,,1.25e-05
1738522800000,,1.25e-05
1738526400000,,-2.179e-05
1738530000000,,1.25e-05
1738533600000,,1.25e-05
1738537200000,,-1.488e-05
1738540800000,8.379e-05,1.25e-05
1738544400000,,1.25e-05
1738548000000,,-9.251e-05
1738551600000,,1.25e-05
1738555200000,,1.25e-05
1738558800000,,1.25e-05
1738562400000,,1.25e-05
1738566000000,,1.25e-05
1738569600000,-0.00015809,1.25e-05
1738573200000,,0.00014956
1738576800000,,1.25e-05
1738580400000,,1.25e-05
1738584000000,,7.52e-06
1738587600000,,5.96e-06
1738591200000,,-7.909e-05
1738594800000,,1.25e-05
1738598400000,-0.00010182,1.25e-05
1738602000000,,1.25e-05
1738605600000,,1.25e-05
1738609200000,,1.25e-05
1738612800000,,1.25e-05
1738616400000,,1.25e-05
1738620000000,,1.25e-05
1738623600000,,1.25e-05
1738627200000,-3.066e-05,1.25e-05
1738630800000,,1.25e-05
1738634400000,,1.924e-05
1738638000000,,1.25e-05
1738641600000,,1.25e-05
1738645200000,,1.25e-05
1738648800000,,1.25e-05
1738652400000,,1.25e-05
1738656000000,,1.25e-05
1738656000001,7.032e-05,
1738659600000,,1.25e-05
1738663200000,,1.25e-05
1738666800000,,-1.05e-05
1738670400000,,1.25e-05
1738674000000,,1.25e-05
1738677600000,,1.25e-05
1738681200000,,1.25e-05
1738684800000,-0.00010887,1.25e-05
1738688400000,,1.387e-05
1738692000000,,1.25e-05
1738695600000,,1.25e-05
1738699200000,,1.25e-05
1738702800000,,1.25e-05
1738706400000,,1.25e-05
1738710000000,,1.25e-05
1738713600000,,1.25e-05
1738713600001,-1.036e-05,
1738717200000,,1.25e-05
1738720800000,,1.25e-05
1738724400000,,1.25e-05
1738728000000,,1.25e-05
1738731600000,,1.25e-05
1738735200000,,1.25e-05
1738738800000,,1.25e-05
1738742400000,,1.25e-05
1738742400001,-9.31e-05,
1738746000000,,7.86e-06
1738749600000,,1.25e-05
1738753200000,,1.25e-05
1738756800000,,1.25e-05
1738760400000,,3.21e-06
1738764000000,,-6.28e-06
1738767600000,,-2.35e-06
1738771200000,-6.855e-05,1.25e-05
1738774800000,,1.25e-05
1738778400000,,-3.679e-05
1738782000000,,1.25e-05
1738785600000,,-1.442e-05
1738789200000,,-4.63e-06
1738792800000,,1.053e-05
1738796400000,,1.25e-05
1738800000000,,1.25e-05
1738800000001,9.12e-05,
1738803600000,,1.25e-05
1738807200000,,1.25e-05
1738810800000,,1.25e-05
1738814400000,,1.25e-05
1738818000000,,1.25e-05
1738821600000,,1.25e-05
1738825200000,,1.25e-05
1738828800000,,1.25e-05
1738828800001,-5.578e-05,
1738832400000,,1.25e-05
1738836000000,,1.25e-05
1738839600000,,1.25e-05
1738843200000,,1.25e-05
1738846800000,,1.25e-05
1738850400000,,1.25e-05
1738854000000,,1.25e-05
1738857600000,0.0001,1.25e-05
1738861200000,,2.28e-06
1738864800000,,1.25e-05
1738868400000,,1.25e-05
1738872000000,,1.25e-05
1738875600000,,1.25e-05
1738879200000,,1.25e-05
1738882800000,,2.21e-06
1738886400000,-4.247e-05,3.36e-06
1738890000000,,-2.948e-05
1738893600000,,4.13e-06
1738897200000,,-3.143e-05
1738900800000,,1.25e-05
1738904400000,,1.25e-05
1738908000000,,1.25e-05
1738911600000,,-2.281e-05
1738915200000,2.9e-05,1.25e-05
1738918800000,,1.25e-05
1738922400000,,1.25e-05
1738926000000,,-2.655e-05
1738929600000,,4.47e-06
1738933200000,,1.25e-05
1738936800000,,-4.465e-05
1738940400000,,1.25e-05
1738944000000,-5.677e-05,-2.824e-05
1738947600000,,1.25e-05
1738951200000,,1.25e-05
1738954800000,,1.25e-05
1738958400000,,7.2e-07
1738962000000,,1.25e-05
1738965600000,,3.73e-06
1738969200000,,1.25e-05
1738972800000,3.883e-05,1.25e-05
1738976400000,,1.25e-05
1738980000000,,1.25e-05
1738983600000,,1.025e-05
1738987200000,,1.25e-05
1738990800000,,-1.479e-05
1738994400000,,1.25e-05
1738998000000,,-4.07e-06
1739001600000,8.1e-06,1.25e-05
1739005200000,,-2.531e-05
1739008800000,,-1.416e-05
1739012400000,,1.25e-05
1739016000000,,-1.525e-05
1739019600000,,5e-08
1739023200000,,1.25e-05
1739026800000,,1.25e-05
1739030400000,3.058e-05,6.25e-06
1739034000000,,1.25e-05
1739037600000,,1.25e-05
1739041200000,,1.25e-05
1739044800000,,1.25e-05
1739048400000,,1.25e-05
1739052000000,,1.25e-05
1739055600000,,1.25e-05
1739059200000,5.134e-05,1.25e-05
1739062800000,,1.25e-05
1739066400000,,1.25e-05
1739070000000,,1.25e-05
1739073600000,,1.25e-05
1739077200000,,1.25e-05
1739080800000,,1.25e-05
1739084400000,,1.25e-05
1739088000000,-2.602e-05,1.25e-05
1739091600000,,1.25e-05
1739095200000,,1.25e-05
1739098800000,,1.25e-05
1739102400000,,1.25e-05
1739106000000,,1.25e-05
1739109600000,,1.25e-05
1739113200000,,1.25e-05
1739116800000,-2.101e-05,1.25e-05
1739120400000,,1.25e-05
1739124000000,,1.25e-05
1739127600000,,1.25e-05
1739131200000,,1.25e-05
1739134800000,,1.25e-05
1739138400000,,1.25e-05
1739142000000,,-1.65e-05
1739145600000,-9.939e-05,1.25e-05
1739149200000,,1.25e-05
1739152800000,,1.25e-05
1739156400000,,7.93e-06
1739160000000,,1.25e-05
1739163600000,,1.25e-05
1739167200000,,1.25e-05
1739170800000,,1.25e-05
1739174400000,7.919e-05,1.25e-05
1739178000000,,1.25e-05
1739181600000,,1.25e-05
1739185200000,,1.25e-05
1739188800000,,1.25e-05
1739192400000,,1.25e-05
1739196000000,,1.25e-05
1739199600000,,1.25e-05
1739203200000,0.0001,1.25e-05
1739206800000,,1.25e-05
1739210400000,,1.25e-05
1739214000000,,1.25e-05
1739217600000,,1.25e-05
1739221200000,,1.25e-05
1739224800000,,1.25e-05
1739228400000,,1.25e-05
1739232000000,9.43e-05,1.25e-05
1739235600000,,1.25e-05
1739239200000,,1.25e-05
1739242800000,,1.25e-05
1739246400000,,1.25e-05
1739250000000,,2.33e-05
1739253600000,,5.673e-05
1739257200000,,1.25e-05
1739260800000,0.0001,1.25e-05
1739264400000,,4.24e-05
1739268000000,,1.25e-05
1739271600000,,1.25e-05
1739275200000,,1.25e-05
1739278800000,,1.25e-05
1739282400000,,1.25e-05
1739286000000,,1.25e-05
1739289600000,5.368e-05,1.25e-05
1739293200000,,1.25e-05
1739296800000,,1.25e-05
1739300400000,,1.25e-05
1739304000000,,1.25e-05
1739307600000,,1.25e-05
1739311200000,,1.25e-05
1739314800000,,1.25e-05
1739318400000,-8.371e-05,1.25e-05
1739322000000,,1.25e-05
1739325600000,,1.25e-05
1739329200000,,5.17e-06
1739332800000,,1.25e-05
1739336400000,,1.25e-05
1739340000000,,7.15e-06
1739343600000,,1.25e-05
1739347200000,1.113e-05,1.25e-05
1739350800000,,1.25e-05
1739354400000,,-4.65e-06
1739358000000,,1.25e-05
1739361600000,,1.25e-05
1739365200000,,1.25e-05
1739368800000,,-1.6e-05
1739372400000,,-3.78e-05
1739376000000,,1.25e-05
1739376000001,1.842e-05,
1739379600000,,1.25e-05
1739383200000,,-4.448e-05
1739386800000,,-8.94e-06
1739390400000,,1.25e-05
1739394000000,,1.25e-05
1739397600000,,1.25e-05
1739401200000,,1.25e-05
1739404800000,,1.25e-05
1739404800001,0.0001,
1739408400000,,1.25e-05
1739412000000,,1.25e-05
1739415600000,,1.25e-05
1739419200000,,1.25e-05
1739422800000,,1.25e-05
1739426400000,,1.25e-05
1739430000000,,1.25e-05
1739433600000,0.0001,1.25e-05
1739437200000,,1.25e-05
1739440800000,,1.25e-05
1739444400000,,1.25e-05
1739448000000,,1.25e-05
1739451600000,,1.25e-05
1739455200000,,1.25e-05
1739458800000,,1.25e-05
1739462400000,,1.25e-05
1739462400001,7.66e-06,
1739466000000,,1.25e-05
1739469600000,,1.25e-05
1739473200000,,1.25e-05
1739476800000,,1.25e-05
1739480400000,,1.25e-05
1739484000000,,1.25e-05
1739487600000,,1.25e-05
1739491200000,4.872e-05,1.25e-05
1739494800000,,8.8e-06
1739498400000,,1.25e-05
1739502000000,,1.25e-05
1739505600000,,1.25e-05
1739509200000,,1.25e-05
1739512800000,,1.25e-05
1739516400000,,1.25e-05
1739520000000,,1.25e-05
1739520000001,0.0001,
1739523600000,,1.25e-05
1739527200000,,1.25e-05
1739530800000,,1.25e-05
1739534400000,,1.25e-05
1739538000000,,1.25e-05
1739541600000,,1.25e-05
1739545200000,,1.25e-05
1739548800000,3.943e-05,1.25e-05
1739552400000,,1.25e-05
1739556000000,,1.25e-05
1739559600000,,1.25e-05
1739563200000,,1.25e-05
1739566800000,,1.25e-05
1739570400000,,1.25e-05
1739574000000,,1.25e-05
1739577600000,2.102e-05,1.25e-05
1739581200000,,1.25e-05
1739584800000,,1.25e-05
1739588400000,,1.25e-05
1739592000000,,1.25e-05
1739595600000,,1.25e-05
1739599200000,,1.25e-05
1739602800000,,1.25e-05
1739606400000,8.897e-05,1.25e-05
1739610000000,,1.25e-05
1739613600000,,1.25e-05
1739617200000,,1.25e-05
1739620800000,,1.25e-05
1739624400000,,1.25e-05
1739628000000,,1.25e-05
1739631600000,,1.25e-05
1739635200000,3.87e-05,1.25e-05
1739638800000,,1.25e-05
1739642400000,,1.25e-05
1739646000000,,1.25e-05
1739649600000,,1.25e-05
1739653200000,,1.25e-05
1739656800000,,1.25e-05
1739660400000,,1.25e-05
1739664000000,2.79e-06,1.25e-05
1739667600000,,1.25e-05
1739671200000,,1.25e-05
1739674800000,,1.25e-05
1739678400000,,1.25e-05
1739682000000,,1.25e-05
1739685600000,,1.25e-05
1739689200000,,1.25e-05
1739692800000,8.423e-05,1.25e-05
1739696400000,,1.25e-05
1739700000000,,1.25e-05
1739703600000,,1.25e-05
1739707200000,,1.25e-05
1739710800000,,3.65e-06
1739714400000,,1.25e-05
1739718000000,,1.25e-05
1739721600000,-1.948e-05,1.201e-05
1739725200000,,4.43e-06
1739728800000,,7.56e-06
1739732400000,,1.025e-05
1739736000000,,1.206e-05
1739739600000,,2.17e-06
1739743200000,,1.25e-05
1739746800000,,1.25e-05
1739750400000,3.24e-05,-6.22e-06
1739754000000,,1.25e-05
1739757600000,,1.25e-05
1739761200000,,1.25e-05
1739764800000,,-1.584e-05
1739768400000,,-2.24e-06
1739772000000,,-2.52e-06
1739775600000,,1.25e-05
1739779200000,4.965e-05,2.19e-06
1739782800000,,-7.66e-06
1739786400000,,1.25e-05
1739790000000,,3.11e-06
1739793600000,,-2.542e-05
1739797200000,,1.25e-05
1739800800000,,1.25e-05
1739804400000,,1.25e-05
1739808000000,-3.899e-05,1.25e-05
1739811600000,,1.25e-05
1739815200000,,7.53e-06
1739818800000,,1.25e-05
1739822400000,,1.25e-05
1739826000000,,6.12e-06
1739829600000,,1.129e-05
1739833200000,,-1.291e-05
1739836800000,6.878e-05,6.11e-06
1739840400000,,1.25e-05
1739844000000,,1.25e-05
1739847600000,,1.25e-05
1739851200000,,1.25e-05
1739854800000,,-1.307e-05
1739858400000,,2.1e-07
1739862000000,,-3.911e-05
1739865600000,3.132e-05,1.25e-05
1739869200000,,1.25e-05
1739872800000,,-9.6e-06
1739876400000,,-9.93e-06
1739880000000,,-6.3e-07
1739883600000,,-4.58e-06
1739887200000,,-4.54e-06
1739890800000,,1.25e-05
1739894400000,1.173e-05,-2.324e-05
1739898000000,,-1.277e-05
1739901600000,,1.25e-05
1739905200000,,-2.196e-05
1739908800000,,3.58e-06
1739912400000,,1.044e-05
1739916000000,,1.25e-05
1739919600000,,1.25e-05
1739923200000,-6.042e-05,1.25e-05
1739926800000,,1.25e-05
1739930400000,,1.25e-05
1739934000000,,1.25e-05
1739937600000,,1.25e-05
1739941200000,,1.25e-05
1739944800000,,1.25e-05
1739948400000,,1.25e-05
1739952000000,7.389e-05,1.25e-05
1739955600000,,1.25e-05
1739959200000,,1.25e-05
1739962800000,,1.25e-05
1739966400000,,1.25e-05
1739970000000,,1.25e-05
1739973600000,,1.25e-05
1739977200000,,1.25e-05
1739980800000,-6.852e-05,1.25e-05
1739984400000,,1.25e-05
1739988000000,,1.25e-05
1739991600000,,1.25e-05
1739995200000,,1.25e-05
1739998800000,,1.25e-05
1740002400000,,1.25e-05
1740006000000,,1.25e-05
1740009600000,-0.00011896,1.25e-05
1740013200000,,1.25e-05
1740016800000,,1.25e-05
1740020400000,,1.25e-05
1740024000000,,1.25e-05
1740027600000,,1.25e-05
1740031200000,,1.25e-05
1740034800000,,1.25e-05
1740038400000,2.452e-05,1.25e-05
1740042000000,,1.25e-05
1740045600000,,1.25e-05
1740049200000,,1.25e-05
1740052800000,,1.25e-05
1740056400000,,1.25e-05
1740060000000,,1.25e-05
1740063600000,,1.25e-05
1740067200000,5.023e-05,1.25e-05
1740070800000,,1.25e-05
1740074400000,,1.25e-05
1740078000000,,1.25e-05
1740081600000,,1.25e-05
1740085200000,,1.25e-05
1740088800000,,1.25e-05
1740092400000,,1.25e-05
1740096000000,,1.25e-05
1740096000001,-6.897e-05,
1740099600000,,1.25e-05
1740103200000,,1.25e-05
1740106800000,,1.25e-05
1740110400000,,1.25e-05
1740114000000,,1.25e-05
1740117600000,,1.25e-05
1740121200000,,1.25e-05
1740124800000,-2.591e-05,1.25e-05
1740128400000,,1.25e-05
1740132000000,,1.25e-05
1740135600000,,1.25e-05
1740139200000,,1.064e-05
1740142800000,,1.25e-05
1740146400000,,1.25e-05
1740150000000,,1.25e-05
1740153600000,-0.00010469,1.25e-05
1740157200000,,1.25e-05
1740160800000,,1.25e-05
1740164400000,,1.25e-05
1740168000000,,1.25e-05
1740171600000,,1.25e-05
1740175200000,,-6.5e-06
1740178800000,,1.25e-05
1740182400000,-3.694e-05,1.25e-05
1740186000000,,1.25e-05
1740189600000,,1.25e-05
1740193200000,,1.25e-05
1740196800000,,9.05e-06
1740200400000,,1.25e-05
1740204000000,,1.25e-05
1740207600000,,1.25e-05
1740211200000,-4.878e-05,1.25e-05
1740214800000,,1.25e-05
1740218400000,,1.25e-05
1740222000000,,1.25e-05
1740225600000,,1.25e-05
1740229200000,,1.25e-05
1740232800000,,1.25e-05
1740236400000,,1.25e-05
1740240000000,-3.056e-05,1.25e-05
1740243600000,,1.25e-05
1740247200000,,1.25e-05
1740250800000,,1.25e-05
1740254400000,,1.25e-05
1740258000000,,1.25e-05
1740261600000,,1.25e-05
1740265200000,,1.25e-05
1740268800000,-7.261e-05,1.25e-05
1740272400000,,1.25e-05
1740276000000,,8.72e-06
1740279600000,,1.007e-05
1740283200000,,1.25e-05
1740286800000,,1.25e-05
1740290400000,,1.25e-05
1740294000000,,1.25e-05
1740297600000,-2.161e-05,1.25e-05
1740301200000,,1.25e-05
1740304800000,,-1.986e-05
1740308400000,,-6.5e-07
1740312000000,,-1.82e-06
1740315600000,,1.25e-05
1740319200000,,4.03e-06
1740322800000,,-1.58453e-05
1740326400000,1.673e-05,-3.9208e-06
1740330000000,,1.25e-05
1740333600000,,3.8902e-06
1740337200000,,5.831e-06
1740340800000,,1.25e-05
1740344400000,,1.25e-05
1740348000000,,-5.4929e-06
1740351600000,,1.25e-05
1740355200000,-1.128e-05,4.2724e-06
1740358800000,,1.25e-05
1740362400000,,1.25e-05
1740366000000,,-2.91939e-05
1740369600000,,7.2813e-06
1740373200000,,-2.33621e-05
1740376800000,,1.23877e-05
1740380400000,,1.25e-05
1740384000000,-2.907e-05,1.25e-05
1740387600000,,1.25e-05
1740391200000,,1.19909e-05
1740394800000,,1.25e-05
1740398400000,,1.25e-05
1740402000000,,1.25e-05
1740405600000,,1.25e-05
1740409200000,,-9.5076e-06
1740412800000,7.712e-05,7.945e-07
1740416400000,,1.25e-05
1740420000000,,1.25e-05
1740423600000,,1.25e-05
1740427200000,,5.46e-08
1740430800000,,1.25e-05
1740434400000,,1.25e-05
1740438000000,,-4.23519e-05
1740441600000,0.0001,1.25e-05
1740445200000,,-9.46373e-05
1740448800000,,1.25e-05
1740452400000,,-1.88916e-05
1740456000000,,1.25e-05
1740459600000,,-1.88626e-05
1740463200000,,1.25e-05
1740466800000,,-1.52743e-05
1740470400000,-5.202e-05,-1.87782e-05
1740474000000,,-3.85453e-05
1740477600000,,4.0642e-06
1740481200000,,-2.55034e-05
1740484800000,,1.25e-05
1740488400000,,1.25e-05
1740492000000,,-6.114e-05
1740495600000,,1.25e-05
1740499200000,-8.485e-05,1.25e-05
1740502800000,,1.25e-05
1740506400000,,1.25e-05
1740510000000,,-3.36234e-05
1740513600000,,1.25e-05
1740517200000,,1.25e-05
1740520800000,,8.8933e-06
1740524400000,,-3.39382e-05
1740528000000,-0.00025255,1.25e-05
1740531600000,,1.22584e-05
1740535200000,,1.25e-05
1740538800000,,1.25e-05
1740542400000,,1.25e-05
1740546000000,,1.25e-05
1740549600000,,1.25e-05
1740553200000,,1.25e-05
1740556800000,1.957e-05,1.25e-05
1740560400000,,1.25e-05
1740564000000,,1.25e-05
1740567600000,,1.25e-05
1740571200000,,1.25e-05
1740574800000,,-1.75062e-05
1740578400000,,1.25e-05
1740582000000,,1.25e-05
1740585600000,1.415e-05,1.25e-05
1740589200000,,1.25e-05
1740592800000,,1.25e-05
1740596400000,,1.25e-05
1740600000000,,1.25e-05
1740603600000,,1.25e-05
1740607200000,,1.25e-05
1740610800000,,1.25e-05
1740614400000,,1.25e-05
1740614400001,4.688e-05,
1740618000000,,1.25e-05
1740621600000,,1.25e-05
1740625200000,,1.25e-05
1740628800000,,1.25e-05
1740632400000,,1.25e-05
1740636000000,,1.25e-05
1740639600000,,1.25e-05
1740643200000,5.801e-05,1.62224e-05
1740646800000,,1.25e-05
1740650400000,,1.75094e-05
1740654000000,,1.25e-05
1740657600000,,1.25e-05
1740661200000,,1.25e-05
1740664800000,,1.25e-05
1740668400000,,1.25e-05
1740672000000,2.033e-05,1.25e-05
1740675600000,,1.25e-05
1740679200000,,1.25e-05
1740682800000,,1.25e-05
1740686400000,,1.25e-05
1740690000000,,1.25e-05
1740693600000,,1.25e-05
1740697200000,,1.25e-05
1740700800000,,1.25e-05
1740700800001,-6.81e-06,
1740704400000,,-3.51787e-05
1740708000000,,1.25e-05
1740711600000,,1.7023e-06
1740715200000,,-6.8722e-06
1740718800000,,-1.10619e-05
1740722400000,,1.25e-05
1740726000000,,1.25e-05
1740729600000,4.458e-05,1.87e-08
1740733200000,,6.7213e-06
1740736800000,,1.25e-05
1740740400000,,7.0129e-06
1740744000000,,-5.1473e-06
1740747600000,,-1.0479e-06
1740751200000,,1.25e-05
1740754800000,,1.25e-05
1740758400000,-0.00010685,1.25e-05
1740762000000,,1.25e-05
1740765600000,,1.25e-05
1740769200000,,-2.86246e-05
1740772800000,,1.25e-05
1740776400000,,1.25e-05
1740780000000,,1.25e-05
1740783600000,,1.25e-05
1740787200000,7.132e-05,1.25e-05
1740790800000,,1.25e-05
1740794400000,,1.25e-05
1740798000000,,1.25e-05
1740801600000,,1.25e-05
1740805200000,,1.25e-05
1740808800000,,1.25e-05
1740812400000,,1.25e-05
1740816000000,-8.628e-05,1.25e-05
1740819600000,,1.25e-05
1740823200000,,1.25e-05
1740826800000,,1.25e-05
1740830400000,,1.25e-05
1740834000000,,1.25e-05
1740837600000,,1.25e-05
1740841200000,,1.25e-05
1740844800000,,1.25e-05
1740844800001,4.266e-05,
1740848400000,,1.25e-05
1740852000000,,1.25e-05
1740855600000,,1.25e-05
1740859200000,,1.25e-05
1740862800000,,1.25e-05
1740866400000,,1.25e-05
1740870000000,,1.25e-05
1740873600000,-3.206e-05,1.25e-05
1740877200000,,1.25e-05
1740880800000,,1.25e-05
1740884400000,,1.25e-05
1740888000000,,1.25e-05
1740891600000,,1.25e-05
1740895200000,,1.25e-05
1740898800000,,1.25e-05
1740902400000,-2.393e-05,1.25e-05
1740906000000,,1.25e-05
1740909600000,,1.25e-05
1740913200000,,1.25e-05
1740916800000,,1.25e-05
1740920400000,,1.25e-05
1740924000000,,1.25e-05
1740927600000,,1.25e-05
1740931200000,8.254e-05,7.71005e-05
1740934800000,,1.25e-05
1740938400000,,2.83616e-05
1740942000000,,1.25e-05
1740945600000,,1.25e-05
1740949200000,,1.25e-05
1740952800000,,1.25e-05
1740956400000,,1.47957e-05
1740960000000,,1.4054e-05
1740960000001,0.0001,
1740963600000,,1.25e-05
1740967200000,,1.25e-05
1740970800000,,1.25e-05
1740974400000,,1.25e-05
1740978000000,,1.25e-05
1740981600000,,1.30341e-05
1740985200000,,-6.81897e-05
1740988800000,0.0001,-7.2078e-06
1740992400000,,1.25e-05
1740996000000,,4.2272e-06
1740999600000,,1.25e-05
1741003200000,,1.34792e-05
1741006800000,,1.25e-05
1741010400000,,6.74473e-05
1741014000000,,1.25e-05
1741017600000,-3.839e-05,1.25e-05
1741021200000,,1.25e-05
1741024800000,,1.25e-05
1741028400000,,-9.39519e-05
1741032000000,,1.25e-05
1741035600000,,1.25e-05
1741039200000,,-1.29148e-05
1741042800000,,1.25e-05
1741046400000,,-6.3186e-05
1741046400001,2.76e-06,
1741050000000,,1.25e-05
1741053600000,,1.25e-05
1741057200000,,2.4747e-06
1741060800000,,-4.6295e-05
1741064400000,,-3.8558e-05
1741068000000,,1.25e-05
1741071600000,,-2.0689e-06
1741075200000,,-1.11371e-05
1741075200005,-9.67e-06,
1741078800000,,-1.69088e-05
1741082400000,,-1.18005e-05
1741086000000,,1.02468e-05
1741089600000,,-1.1662e-05
1741093200000,,-4.59251e-05
1741096800000,,-8.1952e-06
1741100400000,,5.87256e-05
1741104000000,-2.9e-05,-5.19308e-05
1741107600000,,1.25e-05
1741111200000,,1.25e-05
1741114800000,,-1.26503e-05
1741118400000,,7.3787e-06
1741122000000,,3.5353e-06
1741125600000,,1.8351e-06
1741129200000,,-4.97312e-05
1741132800000,-0.00010917,6.4804e-06
1741136400000,,1.13857e-05
1741140000000,,9.0059e-06
1741143600000,,-3.1504e-06
1741147200000,,-2.18445e-05
1741150800000,,1.25e-05
1741154400000,,1.25e-05
1741158000000,,-9.1508e-06
1741161600000,-4.269e-05,-2.61e-05
1741165200000,,-1.29922e-05
1741168800000,,-1.90468e-05
1741172400000,,-2.1843e-06
1741176000000,,-8.0958e-06
1741179600000,,-3.8047e-05
1741183200000,,-3.37201e-05
1741186800000,,-2.91983e-05
1741190400000,-0.00013093,-3.96242e-05
1741194000000,,-2.5957e-05
1741197600000,,1.25e-05
1741201200000,,1.25e-05
1741204800000,,1.25e-05
1741208400000,,1.25e-05
1741212000000,,1.25e-05
1741215600000,,1.25e-05
1741219200000,-7.54e-06,1.25e-05
1741222800000,,-1.83179e-05
1741226400000,,1.25e-05
1741230000000,,1.25e-05
1741233600000,,1.25e-05
1741237200000,,1.25e-05
1741240800000,,1.25e-05
1741244400000,,1.25e-05
1741248000000,,-6.1015e-06
1741248000001,-4.183e-05,
1741251600000,,1.25e-05
1741255200000,,9.641e-07
1741258800000,,6.8737e-06
1741262400000,,1.25e-05
1741266000000,,-4.88996e-05
1741269600000,,4.6162e-06
1741273200000,,-3.91693e-05
1741276800000,-3.99e-06,9.4018e-06
1741280400000,,-3.46062e-05
1741284000000,,-1.2205e-06
1741287600000,,-9.33424e-05
1741291200000,,1.25e-05
1741294800000,,1.2005e-06
1741298400000,,1.97021e-05
1741302000000,,-5.20564e-05
1741305600000,-8.582e-05,-1.92308e-05
1741309200000,,-0.0001295362
1741312800000,,-7.54449e-05
1741316400000,,-8.34164e-05
1741320000000,,-5.38732e-05
1741323600000,,7.1301e-06
1741327200000,,-6.95e-06
1741330800000,,-7.8602e-06
1741334400000,,-3.20156e-05
1741334400001,-0.00010895,
1741338000000,,-5.67796e-05
1741341600000,,-1.94979e-05
1741345200000,,3.4704e-06
1741348800000,,1.25e-05
1741352400000,,-2.71022e-05
1741356000000,,-1.21298e-05
1741359600000,,-1.6464e-05
1741363200000,-3.651e-05,-6.90921e-05
1741366800000,,-7.61948e-05
1741370400000,,-0.0001159255
1741374000000,,-4.21859e-05
1741377600000,,-5.83362e-05
1741381200000,,-9.67631e-05
1741384800000,,-0.0001059597
1741388400000,,-3.65615e-05
1741392000000,-5.909e-05,-7.89679e-05
1741395600000,,-5.0619e-06
1741399200000,,-7.4764e-05
1741402800000,,-6.81342e-05
1741406400000,,-3.77902e-05
1741410000000,,-3.25049e-05
1741413600000,,-5.98925e-05
1741417200000,,-3.39187e-05
1741420800000,,-1.31085e-05
1741420800001,-1.749e-05,
1741424400000,,-1.79677e-05
1741428000000,,-1.79686e-05
1741431600000,,-5.7721e-06
1741435200000,,1.25e-05
1741438800000,,-6.2661e-06
1741442400000,,-3.86413e-05
1741446000000,,-1.3135e-06
1741449600000,,-1.19237e-05
1741449600001,-1.761e-05,
1741453200000,,-2.31663e-05
1741456800000,,-2.4489e-06
1741460400000,,-7.73628e-05
1741464000000,,-4.89224e-05
1741467600000,,-1.20855e-05
1741471200000,,-2.79448e-05
1741474800000,,-6.02321e-05
1741478400000,,4.453e-06
1741478400001,-0.00011864,
1741482000000,,-1.21874e-05
1741485600000,,-4.59036e-05
1741489200000,,-4.16396e-05
1741492800000,,-4.51334e-05
1741496400000,,-2.33553e-05
1741500000000,,-7.55914e-05
1741503600000,,-5.60089e-05
1741507200000,-1.02e-06,-2.63583e-05
1741510800000,,1.25e-05
1741514400000,,-2.7628e-06
1741518000000,,9.6526e-06
1741521600000,,-7.60686e-05
1741525200000,,-4.92169e-05
1741528800000,,-7.9347e-06
1741532400000,,-3.55581e-05
1741536000000,1.892e-05,-4.118e-07
1741539600000,,1.25e-05
1741543200000,,-7.40601e-05
1741546800000,,-5.3831e-05
1741550400000,,-8.19486e-05
1741554000000,,-0.0001623234
1741557600000,,-6.82355e-05
1741561200000,,-2.16853e-05
1741564800000,-0.00016329,-1.93599e-05
1741568400000,,-0.0001221125
1741572000000,,-7.58381e-05
1741575600000,,-5.77694e-05
1741579200000,,-3.63873e-05
1741582800000,,-5.70736e-05
1741586400000,,-4.57152e-05
1741590000000,,-2.69168e-05
1741593600000,-3.899e-05,-4.62305e-05
1741597200000,,-1.8245e-06
1741600800000,,5.2157e-06
1741604400000,,-5.78908e-05
1741608000000,,1.16571e-05
1741611600000,,-3.29822e-05
1741615200000,,-8.27745e-05
1741618800000,,1.25e-05
1741622400000,-0.00015204,-3.4075e-06
1741626000000,,-9.2223e-06
1741629600000,,-2.09268e-05
1741633200000,,-5.7506e-05
1741636800000,,-3.38206e-05
1741640400000,,-0.0001464657
1741644000000,,1.25e-05
1741647600000,,-7.7874e-05
1741651200000,-0.00013574,-2.3483e-06
1741654800000,,-9.73384e-05
1741658400000,,1.25e-05
1741662000000,,-9.09722e-05
1741665600000,,-2.30118e-05
1741669200000,,1.25e-05
1741672800000,,-3.9564e-06
1741676400000,,8.5147e-06
1741680000000,-7.108e-05,1.25e-05
1741683600000,,3.5572e-06
1741687200000,,1.25e-05
1741690800000,,-3.64384e-05
1741694400000,,-1.2726e-06
1741698000000,,3.292e-06
1741701600000,,-1.54106e-05
1741705200000,,-3.98258e-05
1741708800000,,1.25e-05
1741708800001,4.07e-05,
1741712400000,,-4.34073e-05
1741716000000,,-6.84274e-05
1741719600000,,-3.49011e-05
1741723200000,,1.25e-05
1741726800000,,1.25e-05
1741730400000,,-6.84676e-05
1741734000000,,1.25e-05
1741737600000,-4.737e-05,1.25e-05
1741741200000,,1.25e-05
1741744800000,,1.25e-05
1741748400000,,1.25e-05
1741752000000,,1.25e-05
1741755600000,,-6.1788e-06
1741759200000,,1.25e-05
1741762800000,,-2.68849e-05
1741766400000,-2.007e-05,1.25e-05
1741770000000,,1.25e-05
1741773600000,,1.25e-05
1741777200000,,-2.92852e-05
1741780800000,,-1.65353e-05
1741784400000,,-2.63297e-05
1741788000000,,-5.88509e-05
1741791600000,,-5.28403e-05
1741795200000,,-9.06098e-05
1741795200001,-0.00015732,
1741798800000,,-9.64753e-05
1741802400000,,-1.1126e-05
1741806000000,,-1.53241e-05
1741809600000,,1.0777e-06
1741813200000,,9.1152e-06
1741816800000,,-2.7582e-05
1741820400000,,1.2038e-05
1741824000000,3.796e-05,1.1106e-06
1741827600000,,6.509e-06
1741831200000,,-9.7479e-06
1741834800000,,-2.13926e-05
1741838400000,,-2.35145e-05
1741842000000,,-4.39927e-05
1741845600000,,-3.30215e-05
1741849200000,,-2.72183e-05
1741852800000,-2.009e-05,-4.753e-06
1741856400000,,9.2406e-06
1741860000000,,-3.35063e-05
1741863600000,,-3.11536e-05
1741867200000,,-8.644e-06
1741870800000,,2.5166e-06
1741874400000,,-9.98867e-05
1741878000000,,-2.94181e-05
1741881600000,-6.634e-05,-3.13087e-05
1741885200000,,-4.21071e-05
1741888800000,,-8.808e-06
1741892400000,,-3.14227e-05
1741896000000,,-6.8638e-06
1741899600000,,-5.00416e-05
1741903200000,,1.25e-05
1741906800000,,-6.97985e-05
1741910400000,-7.369e-05,-4.29384e-05
1741914000000,,-2.56937e-05
1741917600000,,-2.57496e-05
1741921200000,,-6.3848e-06
1741924800000,,1.25e-05
1741928400000,,-1.3786e-05
1741932000000,,6.6993e-06
1741935600000,,2.3776e-06
1741939200000,-3.884e-05,-1.92136e-05
1741942800000,,-4.03539e-05
1741946400000,,3.0739e-06
1741950000000,,1.25e-05
1741953600000,,-1.08263e-05
1741957200000,,-2.9615e-05
1741960800000,,8.9851e-06
1741964400000,,1.25e-05
1741968000000,4.499e-05,-1.1105e-06
1741971600000,,-4.387e-06
1741975200000,,-3.87059e-05
1741978800000,,1.25e-05
1741982400000,,-6.5021e-06
1741986000000,,1.25e-05
1741989600000,,-6.2981e-06
1741993200000,,1.25e-05
1741996800000,3.83e-06,1.25e-05
1742000400000,,1.25e-05
1742004000000,,-5.4717e-06
1742007600000,,1.25e-05
1742011200000,,1.25e-05
1742014800000,,-1.07968e-05
1742018400000,,1.25e-05
1742022000000,,5.6089e-06
1742025600000,4.939e-05,1.25e-05
1742029200000,,-1.21725e-05
1742032800000,,-6.8062e-06
1742036400000,,2.413e-07
1742040000000,,6.8791e-06
1742043600000,,1.25e-05
1742047200000,,-3.9377e-06
1742050800000,,-1.48706e-05
1742054400000,-7.309e-05,1.031e-07
1742058000000,,-1.0075e-05
1742061600000,,-1.50306e-05
1742065200000,,-2.57988e-05
1742068800000,,-1.99937e-05
1742072400000,,2.826e-07
1742076000000,,1.25e-05
1742079600000,,-1.55372e-05
1742083200000,-9.409e-05,-4.6239e-06
1742086800000,,-1.5508e-05
1742090400000,,9.9635e-06
1742094000000,,4.51e-06
1742097600000,,1.25e-05
1742101200000,,1.25e-05
1742104800000,,-1.881e-07
1742108400000,,1.01834e-05
1742112000000,1.638e-05,1.25e-05
1742115600000,,-3.838e-07
1742119200000,,4.0167e-06
1742122800000,,-1.3787e-06
1742126400000,,1.25e-05
1742130000000,,1.25e-05
1742133600000,,7.5718e-06
1742137200000,,1.25e-05
1742140800000,1.184e-05,8.0622e-06
1742144400000,,-2.37999e-05
1742148000000,,2.424e-07
1742151600000,,-3.30198e-05
1742155200000,,1.25e-05
1742158800000,,2.9504e-06
1742162400000,,-1.88837e-05
1742166000000,,-5.21288e-05
1742169600000,-9.44e-06,-1.7353e-06
1742173200000,,3.4618e-06
1742176800000,,-1.77585e-05
1742180400000,,-2.81083e-05
1742184000000,,1.25e-05
1742187600000,,1.25e-05
1742191200000,,1.25e-05
1742194800000,,-1.9053e-06
1742198400000,1.627e-05,-2.30945e-05
1742202000000,,1.6725e-06
1742205600000,,-3.33344e-05
1742209200000,,1.25e-05
1742212800000,,-1.6409e-06
1742216400000,,1.25e-05
1742220000000,,-3.43033e-05
1742223600000,,-2.58708e-05
1742227200000,-7.039e-05,9.186e-06
1742230800000,,-6.894e-06
1742234400000,,1.25e-05
1742238000000,,1.25e-05
1742241600000,,4.2398e-06
1742245200000,,1.25e-05
1742248800000,,8.927e-06
1742252400000,,-2.26716e-05
1742256000000,-4.225e-05,-1.76899e-05
1742259600000,,-2.4703e-05
1742263200000,,-5.20588e-05
1742266800000,,-2.49647e-05
1742270400000,,-4.13933e-05
1742274000000,,-4.15936e-05
1742277600000,,-4.12163e-05
1742281200000,,-7.06381e-05
1742284800000,-0.00017624,-5.76188e-05
1742288400000,,-1.37527e-05
1742292000000,,-1.89776e-05
1742295600000,,-3.10094e-05
1742299200000,,-3.14517e-05
1742302800000,,-3.20369e-05
1742306400000,,-0.000107309
1742310000000,,-3.71192e-05
1742313600000,-0.0001018,-6.60146e-05
1742317200000,,-4.98201e-05
1742320800000,,-4.33068e-05
1742324400000,,-4.32012e-05
1742328000000,,-3.08454e-05
1742331600000,,-4.26816e-05
1742335200000,,-3.51545e-05
1742338800000,,-1.42241e-05
1742342400000,-0.00019936,-1.05274e-05
1742346000000,,1.25e-05
1742349600000,,1.25e-05
1742353200000,,5.8487e-06
1742356800000,,5.3179e-06
1742360400000,,-2.9593e-06
1742364000000,,-8.1132e-06
1742367600000,,6.0368e-06
1742371200000,-4.486e-05,1.25e-05
1742374800000,,-2.4519e-06
1742378400000,,1.25e-05
1742382000000,,1.25e-05
1742385600000,,1.25e-05
1742389200000,,1.25e-05
1742392800000,,-8.49057e-05
1742396400000,,-0.0001072233
1742400000000,-3.043e-05,-4.21723e-05
1742403600000,,-2.84217e-05
1742407200000,,-2.78542e-05
1742410800000,,-9.64762e-05
1742414400000,,-1.28739e-05
1742418000000,,-2.28414e-05
1742421600000,,1.5e-08
1742425200000,,-9.0535e-05
1742428800000,4.05e-05,-3.04634e-05
1742432400000,,-7.42445e-05
1742436000000,,-4.26809e-05
1742439600000,,-1.80272e-05
1742443200000,,-7.32985e-05
1742446800000,,-1.86293e-05
1742450400000,,-1.91593e-05
1742454000000,,6.6036e-06
1742457600000,4.884e-05,-1.86524e-05
1742461200000,,-1.30057e-05
1742464800000,,-1.21328e-05
1742468400000,,-4.50909e-05
1742472000000,,-3.28432e-05
1742475600000,,-1.76892e-05
1742479200000,,1.25e-05
1742482800000,,-3.7532e-05
1742486400000,-6.205e-05,-6.5621e-05
1742490000000,,-2.59422e-05
1742493600000,,-2.51e-05
1742497200000,,-7.8074e-06
1742500800000,,-4.18548e-05
1742504400000,,-4.65601e-05
1742508000000,,-5.02881e-05
1742511600000,,-5.6602e-06
1742515200000,-1.479e-05,8.672e-06
1742518800000,,-4.1311e-06
1742522400000,,1.25e-05
1742526000000,,-2.48264e-05
1742529600000,,-3.0318e-05
1742533200000,,-9.6501e-06
1742536800000,,-2.87669e-05
1742540400000,,-5.17643e-05
1742544000000,2.41e-05,-3.09308e-05
1742547600000,,-1.7317e-06
1742551200000,,-3.10512e-05
1742554800000,,-3.17132e-05
1742558400000,,-3.16856e-05
1742562000000,,-7.9062e-06
1742565600000,,-1.30509e-05
1742569200000,,-3.17527e-05
1742572800000,-2.294e-05,1.25e-05
1742576400000,,-5.2902e-06
1742580000000,,-2.59274e-05
1742583600000,,1.21648e-05
1742587200000,,1.05576e-05
1742590800000,,5.46e-08
1742594400000,,1.25e-05
1742598000000,,-1.07954e-05
1742601600000,-1.141e-05,-9.2691e-06
1742605200000,,5.1773e-06
1742608800000,,1.25e-05
1742612400000,,1.25e-05
1742616000000,,1.25e-05
1742619600000,,1.25e-05
1742623200000,,1.25e-05
1742626800000,,1.25e-05
1742630400000,,1.25e-05
1742630400004,1.407e-05,
1742634000000,,5.3037e-06
1742637600000,,-1.4969e-05
1742641200000,,-2.61599e-05
1742644800000,,-1.06025e-05
1742648400000,,-1.05689e-05
1742652000000,,-2.64791e-05
1742655600000,,-3.54751e-05
1742659200000,-0.00013436,-1.68209e-05
1742662800000,,-2.66284e-05
1742666400000,,-3.15714e-05
1742670000000,,-1.60242e-05
1742673600000,,-4.961e-07
1742677200000,,-2.70717e-05
1742680800000,,-6.1175e-06
1742684400000,,-9.062e-07
1742688000000,-9.094e-05,9.7314e-06
1742691600000,,1.25e-05
1742695200000,,1.25e-05
1742698800000,,1.25e-05
1742702400000,,1.25e-05
1742706000000,,1.25e-05
1742709600000,,1.25e-05
1742713200000,,1.25e-05
1742716800000,9.832e-05,1.25e-05
1742720400000,,1.25e-05
1742724000000,,1.25e-05
1742727600000,,1.25e-05
1742731200000,,1.25e-05
1742734800000,,1.25e-05
1742738400000,,1.25e-05
1742742000000,,1.25e-05
1742745600000,-6.8e-06,1.25e-05
1742749200000,,5.2203e-06
1742752800000,,2.0884e-06
1742756400000,,5.0023e-06
1742760000000,,5.2131e-06
1742763600000,,1.25e-05
1742767200000,,-1.03863e-05
1742770800000,,1.25e-05
1742774400000,7.55e-06,1.25e-05
1742778000000,,1.25e-05
1742781600000,,5.5736e-06
1742785200000,,-9.4661e-06
1742788800000,,1.25e-05
1742792400000,,1.25e-05
1742796000000,,1.25e-05
1742799600000,,1.25e-05
1742803200000,8.766e-05,1.25e-05
1742806800000,,1.25e-05
1742810400000,,1.25e-05
1742814000000,,1.25e-05
1742817600000,,1.25e-05
1742821200000,,1.25e-05
1742824800000,,1.25e-05
1742828400000,,1.25e-05
1742832000000,-8.99e-06,1.25e-05
1742835600000,,1.25e-05
1742839200000,,1.25e-05
1742842800000,,1.25e-05
1742846400000,,1.25e-05
1742850000000,,1.25e-05
1742853600000,,1.25e-05
1742857200000,,1.25e-05
1742860800000,,1.25e-05
1742860800001,8.079e-05,
1742864400000,,1.25e-05
1742868000000,,1.25e-05
1742871600000,,1.25e-05
1742875200000,,1.25e-05
1742878800000,,1.25e-05
1742882400000,,1.25e-05
1742886000000,,1.25e-05
1742889600000,4.816e-05,1.25e-05
1742893200000,,1.25e-05
1742896800000,,1.25e-05
1742900400000,,1.25e-05
1742904000000,,1.25e-05
1742907600000,,1.25e-05
1742911200000,,1.25e-05
1742914800000,,1.25e-05
1742918400000,6.366e-05,1.25e-05
1742922000000,,1.25e-05
1742925600000,,1.25e-05
1742929200000,,1.25e-05
1742932800000,,1.25e-05
1742936400000,,1.25e-05
1742940000000,,1.25e-05
1742943600000,,1.25e-05
1742947200000,3.516e-05,1.25e-05
1742950800000,,1.25e-05
1742954400000,,1.25e-05
1742958000000,,1.25e-05
1742961600000,,1.25e-05
1742965200000,,1.25e-05
1742968800000,,1.25e-05
1742972400000,,1.25e-05
1742976000000,7.037e-05,1.25e-05
1742979600000,,1.25e-05
1742983200000,,1.25e-05
1742986800000,,1.25e-05
1742990400000,,1.25e-05
1742994000000,,1.25e-05
1742997600000,,1.25e-05
1743001200000,,5.4224e-06
1743004800000,,1.25e-05
1743004800001,-5.084e-05,
1743008400000,,1.25e-05
1743012000000,,1.25e-05
1743015600000,,1.25e-05
1743019200000,,9.7952e-06
1743022800000,,6.5024e-06
1743026400000,,-2.7409e-05
1743030000000,,-3.24063e-05
1743033600000,,-3.85896e-05
1743033600001,-0.00017691,
1743037200000,,-3.26052e-05
1743040800000,,-3.24007e-05
1743044400000,,-2.6606e-05
1743048000000,,1.25e-05
1743051600000,,-2.69888e-05
1743055200000,,-2.23356e-05
1743058800000,,-2.57646e-05
1743062400000,,-2.20881e-05
1743062400001,-0.00013625,
1743066000000,,-5.5419e-06
1743069600000,,6.219e-07
1743073200000,,-3.29522e-05
1743076800000,,-2.94188e-05
1743080400000,,-1.6849e-06
1743084000000,,-2.88703e-05
1743087600000,,1.22969e-05
1743091200000,,-1.94374e-05
1743091200002,-0.00012209,
1743094800000,,3.5832e-06
1743098400000,,-1.2711e-05
1743102000000,,1.25e-05
1743105600000,,9.0584e-06
1743109200000,,1.25e-05
1743112800000,,9.3921e-06
1743116400000,,1.25e-05
1743120000000,,3.7669e-06
1743120000001,2.994e-05,
1743123600000,,-1.90566e-05
1743127200000,,1.25e-05
1743130800000,,-2.25116e-05
1743134400000,,6.5549e-06
1743138000000,,-2.53773e-05
1743141600000,,-1.51811e-05
1743145200000,,-2.40745e-05
1743148800000,,-2.85227e-05
1743148800001,-8.92e-06,
1743152400000,,-1.58734e-05
1743156000000,,-2.61912e-05
1743159600000,,-4.50926e-05
1743163200000,,5.6869e-06
1743166800000,,-3.92087e-05
1743170400000,,-3.30979e-05
1743174000000,,3.0276e-06
1743177600000,-5.613e-05,3.1702e-06
1743181200000,,-1.83463e-05
1743184800000,,-6.2916e-06
1743188400000,,-3.48253e-05
1743192000000,,-5.12458e-05
1743195600000,,-3.52776e-05
1743199200000,,-4.26402e-05
1743202800000,,-3.37933e-05
1743206400000,-0.00018043,-2.24493e-05
1743210000000,,-4.5117e-05
1743213600000,,-7.43426e-05
1743217200000,,-5.31604e-05
1743220800000,,-1.21612e-05
1743224400000,,-9.518e-07
1743228000000,,1.03079e-05
1743231600000,,-1.35803e-05
1743235200000,-1.932e-05,-4.9428e-05
1743238800000,,-7.6098e-06
1743242400000,,-8.8029e-06
1743246000000,,-1.58964e-05
1743249600000,,1.25e-05
1743253200000,,-4.27163e-05
1743256800000,,-3.61134e-05
1743260400000,,-1.0923e-06
1743264000000,-7.694e-05,9.0939e-06
1743267600000,,-1.4999e-05
1743271200000,,-1.44304e-05
1743274800000,,-4.36671e-05
1743278400000,,9.0391e-06
1743282000000,,-6.23217e-05
1743285600000,,-5.55916e-05
1743289200000,,-4.37574e-05
1743292800000,-5.931e-05,-1.46258e-05
1743296400000,,-2.93033e-05
1743300000000,,-0.0001079677
1743303600000,,-7.44738e-05
1743307200000,,-1.76833e-05
1743310800000,,-6.94837e-05
1743314400000,,-5.79792e-05
1743318000000,,-5.79792e-05
1743321600000,-0.00026293,-5.24003e-05
1743325200000,,-6.26992e-05
1743328800000,,-5.79184e-05
1743332400000,,-7.63696e-05
1743336000000,,-2.49445e-05
1743339600000,,-3.20407e-05
1743343200000,,-5.49536e-05
1743346800000,,1.25e-05
1743350400000,-4.218e-05,-2.13518e-05
1743354000000,,-8.1248e-06
1743357600000,,-1.37481e-05
1743361200000,,-8.19e-07
1743364800000,,-1.33141e-05
1743368400000,,-1.89149e-05
1743372000000,,-4.8856e-05
1743375600000,,4.1052e-06
1743379200000,-0.00012916,1.25e-05
1743382800000,,1.16029e-05
1743386400000,,-5.74825e-05
1743390000000,,-6.82283e-05
1743393600000,,-6.96163e-05
1743397200000,,8.6465e-06
1743400800000,,-1.142e-06
1743404400000,,-6.37566e-05
1743408000000,-0.00010085,-9.49527e-05
1743411600000,,-5.3083e-05
1743415200000,,-5.36767e-05
1743418800000,,-3.30783e-05
1743422400000,,-3.352e-05
1743426000000,,-2.12375e-05
1743429600000,,-7.57079e-05
1743433200000,,-1.54808e-05
1743436800000,-0.0001085,-2.00978e-05
1743440400000,,3.32e-06
1743444000000,,-3.30475e-05
1743447600000,,-5.5681e-05
1743451200000,,-5.71058e-05
1743454800000,,-5.98575e-05
1743458400000,,-2.12441e-05
1743462000000,,-7.27551e-05
1743465600000,-2.398e-05,-5.16856e-05
1743469200000,,-5.17651e-05
1743472800000,,-4.54965e-05
1743476400000,,-8.6493e-06
1743480000000,,-9.0001e-06
1743483600000,,3.0526e-06
1743487200000,,-2.8735e-06
1743490800000,,1.25e-05
1743494400000,,-3.89271e-05
1743494400001,8.2e-07,
1743498000000,,-8.232e-07
1743501600000,,-3.39485e-05
1743505200000,,-7.2902e-06
1743508800000,,-4.87621e-05
1743512400000,,-4.88612e-05
1743516000000,,-2.44787e-05
1743519600000,,-2.09342e-05
1743523200000,-0.00010407,1.03901e-05
1743526800000,,-2.46688e-05
1743530400000,,1.00206e-05
1743534000000,,3.9328e-06
1743537600000,,-1.75683e-05
1743541200000,,1.25e-05
1743544800000,,1.25e-05
1743548400000,,4.1978e-06
1743552000000,,-2.51619e-05
1743552000001,2.81e-05,
1743555600000,,-4.39723e-05
1743559200000,,-5.01078e-05
1743562800000,,-5.68602e-05
1743566400000,,-2.08651e-05
1743570000000,,-2.08095e-05
1743573600000,,2.1864e-06
1743577200000,,-1.20665e-05
1743580800000,-0.0001018,1.24644e-05
1743584400000,,1.25e-05
1743588000000,,3.5572e-06
1743591600000,,3.3144e-06
1743595200000,,9.2833e-06
1743598800000,,1.25e-05
1743602400000,,1.25e-05
1743606000000,,3.718e-06
1743609600000,5.13e-05,1.25e-05
1743613200000,,-1.84473e-05
1743616800000,,-7.5902e-06
1743620400000,,-3.66739e-05
1743624000000,,-3.58569e-05
1743627600000,,-6.23942e-05
1743631200000,,-9.18943e-05
1743634800000,,-0.0001542451
1743638400000,-0.00028827,-0.0001866723
1743642000000,,-0.0001071312
1743645600000,,-0.000156361
1743649200000,,-0.0001192829
1743652800000,,-7.07881e-05
1743656400000,,-0.0001363335
1743660000000,,-0.0001379373
1743663600000,,-8.45084e-05
1743667200000,-0.0002005,-0.0001384646
1743670800000,,-9.34376e-05
1743674400000,,-9.65564e-05
1743678000000,,-6.76115e-05
1743681600000,,1.25e-05
1743685200000,,-0.0001377913
1743688800000,,-0.0001614586
1743692400000,,-0.0002040651
1743696000000,-0.00021804,-0.0001517341
1743699600000,,-0.0001315994
1743703200000,,-0.0001354708
1743706800000,,-0.000133099
1743710400000,,-0.0001210013
1743714000000,,-7.73346e-05
1743717600000,,-8.90519e-05
1743721200000,,-7.45396e-05
1743724800000,-0.00026931,-5.88486e-05
1743728400000,,-6.54801e-05
1743732000000,,-2.63393e-05
1743735600000,,-4.9221e-05
1743739200000,,-3.50562e-05
1743742800000,,-9.01699e-05
1743746400000,,1.25e-05
1743750000000,,-4.38519e-05
1743753600000,-7.735e-05,-1.76282e-05
1743757200000,,-3.23778e-05
1743760800000,,-1.00183e-05
1743764400000,,-9.01252e-05
1743768000000,,-5.34781e-05
1743771600000,,2.0464e-06
1743775200000,,1.25e-05
1743778800000,,-3.24803e-05
1743782400000,-3.992e-05,-0.0001466474
1743786000000,,-2.00861e-05
1743789600000,,-2.761e-06
1743793200000,,-2.3769e-06
1743796800000,,-3.14276e-05
1743800400000,,1.25e-05
1743804000000,,1.25e-05
1743807600000,,3.9821e-06
1743811200000,8.859e-05,3.8201e-06
1743814800000,,-3.11944e-05
1743818400000,,1.25e-05
1743822000000,,1.25e-05
1743825600000,,-7.822e-07
1743829200000,,1.25e-05
1743832800000,,1.25e-05
1743836400000,,1.25e-05
1743840000000,9.502e-05,1.25e-05
1743843600000,,1.25e-05
1743847200000,,1.25e-05
1743850800000,,1.25e-05
1743854400000,,1.25e-05
1743858000000,,1.25e-05
1743861600000,,-7.8334e-06
1743865200000,,3.9355e-06
1743868800000,3.181e-05,-3.76131e-05
1743872400000,,-1.4021e-05
1743876000000,,-3.16309e-05
1743879600000,,-1.8907e-06
1743883200000,,-3.88163e-05
1743886800000,,-2.5553e-05
1743890400000,,-2.56109e-05
1743894000000,,-7.496e-07
1743897600000,0.0001,-1.6355e-06
1743901200000,,-3.06055e-05
1743904800000,,-4.81865e-05
1743908400000,,-5.47498e-05
1743912000000,,-3.74859e-05
1743915600000,,-4.2921e-05
1743919200000,,-2.55199e-05
1743922800000,,-4.219e-05
1743926400000,3.668e-05,-4.49653e-05
1743930000000,,-5.65249e-05
1743933600000,,-8.65935e-05
1743937200000,,-7.12106e-05
1743940800000,,-6.3357e-05
1743944400000,,-5.23113e-05
1743948000000,,-5.32972e-05
1743951600000,,-1.51398e-05
1743955200000,,-3.93121e-05
1743955200002,6.38e-06,
1743958800000,,-4.71087e-05
1743962400000,,-3.58526e-05
1743966000000,,-0.0001379611
1743969600000,,-9.40474e-05
1743973200000,,-9.78962e-05
1743976800000,,-3.3457e-05
1743980400000,,-0.0001591543
1743984000000,-8.102e-05,-0.0001052028
1743987600000,,-5.58774e-05
1743991200000,,-4.73759e-05
1743994800000,,-8.26187e-05
1743998400000,,-9.53695e-05
1744002000000,,-2.76176e-05
1744005600000,,-2.96858e-05
1744009200000,,-6.64718e-05
1744012800000,9.773e-05,-4.17349e-05
1744016400000,,-0.0001003157
1744020000000,,-4.45817e-05
1744023600000,,-0.0001407976
1744027200000,,-6.49571e-05
1744030800000,,-4.8778e-05
1744034400000,,-0.0001248032
1744038000000,,-0.0001156755
1744041600000,-0.00033013,-0.0001041489
1744045200000,,-0.0001207347
1744048800000,,1.06127e-05
1744052400000,,-7.63154e-05
1744056000000,,-5.00291e-05
1744059600000,,-6.69666e-05
1744063200000,,1.25e-05
1744066800000,,-3.05362e-05
1744070400000,-0.0002503,-3.6257e-05
1744074000000,,-3.79285e-05
1744077600000,,1.25e-05
1744081200000,,1.4415e-06
1744084800000,,-1.6265e-05
1744088400000,,-7.44256e-05
1744092000000,,-7.60663e-05
1744095600000,,-3.82902e-05
1744099200000,-0.00018793,-3.65417e-05
1744102800000,,1.25e-05
1744106400000,,-6.41126e-05
1744110000000,,-1.17679e-05
1744113600000,,1.25e-05
1744117200000,,-3.54903e-05
1744120800000,,-3.81763e-05
1744124400000,,3.2396e-06
1744128000000,-0.00011922,-4.24924e-05
1744131600000,,-2.46781e-05
1744135200000,,-2.00554e-05
1744138800000,,-4.54914e-05
1744142400000,,1.25e-05
1744146000000,,1.25e-05
1744149600000,,-5.9107e-06
1744153200000,,-2.75526e-05
1744156800000,9.53e-05,-4.89792e-05
1744160400000,,3.1998e-06
1744164000000,,1.25e-05
1744167600000,,-2.23752e-05
1744171200000,,-3.75743e-05
1744174800000,,-4.25067e-05
1744178400000,,-4.84878e-05
1744182000000,,-5.54376e-05
1744185600000,,-5.7389e-06
1744185600001,-8.169e-05,
1744189200000,,2.4748e-06
1744192800000,,-5.9107e-06
1744196400000,,1.25e-05
1744200000000,,1.25e-05
1744203600000,,-9.7569e-05
1744207200000,,-6.77155e-05
1744210800000,,-6.3857e-06
1744214400000,-2.178e-05,-6.05315e-05
1744218000000,,-1.1274e-05
1744221600000,,1.25e-05
1744225200000,,1.25e-05
1744228800000,,1.25e-05
1744232400000,,1.25e-05
1744236000000,,1.25e-05
1744239600000,,8.0522e-06
1744243200000,4.719e-05,1.25e-05
1744246800000,,1.25e-05
1744250400000,,-5.6503e-06
1744254000000,,1.25e-05
1744257600000,,-6.1745e-06
1744261200000,,-1.25976e-05
1744264800000,,-1.51068e-05
1744268400000,,-4.39416e-05
1744272000000,3.36e-06,-6.31092e-05
1744275600000,,-6.31723e-05
1744279200000,,-7.43159e-05
1744282800000,,-7.47392e-05
1744286400000,,-0.0001000081
1744290000000,,-6.29375e-05
1744293600000,,-0.0001068512
1744297200000,,-2.48471e-05
1744300800000,-0.00014016,-5.38633e-05
1744304400000,,-6.55738e-05
1744308000000,,-5.68053e-05
1744311600000,,-5.86055e-05
1744315200000,,-0.0001030798
1744318800000,,-4.44344e-05
1744322400000,,-4.51658e-05
1744326000000,,-7.71435e-05
1744329600000,,-9.01096e-05
1744329600001,-0.00012751,
1744333200000,,-4.0001e-05
1744336800000,,-5.65536e-05
1744340400000,,-3.79773e-05
1744344000000,,1.25e-05
1744347600000,,-1.21343e-05
1744351200000,,1.25e-05
1744354800000,,-2.50569e-05
1744358400000,8.46e-06,-1.85514e-05
1744362000000,,-2.88814e-05
1744365600000,,1.25e-05
1744369200000,,-1.18273e-05
1744372800000,,-2.51549e-05
1744376400000,,-6.2225e-06
1744380000000,,-3.06584e-05
1744383600000,,-4.07707e-05
1744387200000,-2.867e-05,-1.24438e-05
1744390800000,,1.25e-05
1744394400000,,1.25e-05
1744398000000,,-1.72429e-05
1744401600000,,1.25e-05
1744405200000,,1.3753e-06
1744408800000,,9.388e-07
1744412400000,,9.8938e-06
1744416000000,3.152e-05,-1.16656e-05
1744419600000,,-5.5592e-06
1744423200000,,-1.19195e-05
1744426800000,,-1.23391e-05
1744430400000,,-5.7992e-06
1744434000000,,-2.62968e-05
1744437600000,,-1.74351e-05
1744441200000,,1.25e-05
1744444800000,,7.7501e-06
1744444800001,3.408e-05,
1744448400000,,-6.6676e-06
1744452000000,,1.25e-05
1744455600000,,-1.2978e-06
1744459200000,,7.9387e-06
1744462800000,,1.25e-05
1744466400000,,1.25e-05
1744470000000,,1.25e-05
1744473600000,0.0001,1.25e-05
1744477200000,,-1.6624e-06
1744480800000,,-2.00822e-05
1744484400000,,-1.4535e-06
1744488000000,,-4.27189e-05
1744491600000,,-3.03505e-05
1744495200000,,1.25e-05
1744498800000,,1.02837e-05
1744502400000,7.795e-05,4.6243e-06
1744506000000,,1.25e-05
1744509600000,,-1.30392e-05
1744513200000,,-4.20782e-05
1744516800000,,-1.86538e-05
1744520400000,,-2.51865e-05
1744524000000,,-3.4693e-05
1744527600000,,-7.5444e-06
1744531200000,0.0001,1.25e-05
1744534800000,,1.25e-05
1744538400000,,1.25e-05
1744542000000,,1.25e-05
1744545600000,,1.25e-05
1744549200000,,1.25e-05
1744552800000,,-1.6474e-06
1744556400000,,-1.89181e-05
1744560000000,6.754e-05,4.2982e-06
1744563600000,,1.25e-05
1744567200000,,1.25e-05
1744570800000,,-1.08904e-05
1744574400000,,-2.00316e-05
1744578000000,,-3.51933e-05
1744581600000,,-5.60508e-05
1744585200000,,-6.5892e-06
1744588800000,5.195e-05,
1744617600000,-4.61e-06,
1744646400000,-1.591e-05,
1744675200000,4.35e-05,
1744704000000,8.827e-05,
1744732800001,-8.75e-06,
1744761600000,-0.00016535,
1744790400000,-9.104e-05,
1744819200000,-0.00012028,
1744848000001,7.093e-05,
1744876800000,7.457e-05,
1744905600001,-2.363e-05,
1744934400000,-8.521e-05,
1744963200000,-0.0001155,
1744992000000,3.7e-07,
1745020800000,6.705e-05,
1745049600000,0.0001,
1745078400000,-1.515e-05,
1745107200000,7.365e-05,
1745136000000,-2.124e-05,
1745164800000,-0.00023819,
1745193600000,2.909e-05,
1745222400005,0.0001,
1745251200003,0.0001,
1745280000008,-0.000119,
1745308800000,5.335e-05,
1745337600000,0.0001,
1745366400000,0.0001,
1745395200002,0.0001,
1745424000000,0.0001,
1745452800000,0.0001,
1745481600001,0.0001,
1745510400001,-3.867e-05,
1745539200007,6.7e-05,
1745568000002,0.0001,
1745596800003,1.038e-05,
1745625600002,-1.474e-05,
1745654400000,0.0001,
1745683200002,-1.371e-05,
1745712000001,-6.201e-05,
1745740800000,-8.18e-06,
1745769600000,0.0001,
1745798400001,0.0001,
1745827200003,0.0001,
1745856000005,0.0001,
1745884800000,-6.192e-05,
1745913600000,3.832e-05,
1745942400010,-1.18e-05,
1745971200001,-3.119e-05,
1746000000000,-2.5e-05,
1746028800003,-0.00011645,
1746057600000,-1.513e-05,
1746086400000,0.0001,
1746115200001,0.0001,
1746144000000,0.0001,
1746172800000,9.454e-05,
1746201600003,0.0001,
1746230400000,1.815e-05,
1746259200000,0.0001,
1746288000000,7.066e-05,
1746316800001,4.231e-05,
1746345600001,0.0001,
1746374400002,-5.081e-05,
1746403200000,-0.00010301,
1746432000000,9.187e-05,
1746460800006,-0.00012179,
